{"cameraMode":{"drawMode":0,"name":"Shaded","section":"Shading Mode"},"sceneLighting":true,"audioPlay":false,"sceneViewState":{"m_AlwaysRefresh":false,"showFog":true,"showSkybox":true,"showFlares":true,"showImageEffects":true,"showParticleSystems":true,"showVisualEffectGraphs":true,"m_FxEnabled":true},"in2DMode":false,"pivot":{"x":0.40758606791496279,"y":3.5976486206054689,"z":-39.48423385620117},"rotation":{"x":-0.07155831903219223,"y":0.8211852312088013,"z":-0.10549204796552658,"w":-0.5564067363739014},"size":2.9203543663024904,"orthographic":false}