{"cameraMode":{"drawMode":0,"name":"Shaded","section":"Shading Mode"},"sceneLighting":true,"audioPlay":false,"sceneViewState":{"m_AlwaysRefresh":false,"showFog":true,"showSkybox":true,"showFlares":true,"showImageEffects":true,"showParticleSystems":true,"showVisualEffectGraphs":true,"m_FxEnabled":true},"in2DMode":false,"pivot":{"x":-2.888089656829834,"y":12.549947738647461,"z":97.40653991699219},"rotation":{"x":0.23073434829711915,"y":-0.005594912450760603,"z":0.0010880619520321489,"w":0.973128080368042},"size":3.050370216369629,"orthographic":false}