{"cameraMode":{"drawMode":0,"name":"Shaded","section":"Shading Mode"},"sceneLighting":true,"audioPlay":false,"sceneViewState":{"m_AlwaysRefresh":false,"showFog":true,"showSkybox":true,"showFlares":true,"showImageEffects":true,"showParticleSystems":true,"showVisualEffectGraphs":true,"m_FxEnabled":true},"in2DMode":false,"pivot":{"x":5.529487609863281,"y":12.30320930480957,"z":17.57268714904785},"rotation":{"x":0.032621536403894427,"y":0.9450693130493164,"z":-0.3098454177379608,"w":0.09958800673484802},"size":0.8910635709762573,"orthographic":false}